

SET SQL_MODE = "NO_AUTO_VALUE_ON_ZERO";
SET AUTOCOMMIT = 0;
START TRANSACTION;
SET time_zone = "+00:00";


-- Database: `db732016506`
--
CREATE DATABASE IF NOT EXISTS `db732016506` DEFAULT CHARACTER SET latin1 COLLATE latin1_swedish_ci;
USE `db732016506`;

-- --------------------------------------------------------

--
-- Table structure for table `Activacion`
--

CREATE TABLE `Activacion` (
  `fechahora` datetime NOT NULL COMMENT 'Fecha y hora en que se produce la activación',
  `fecharegla` datetime NOT NULL COMMENT 'Fecha de la regla de activación asociada',
  `idactivador` varchar(30) COLLATE latin1_spanish_ci NOT NULL,
  `tipoactivador` bigint(20) NOT NULL,
  `marcaactivador` varchar(30) COLLATE latin1_spanish_ci NOT NULL,
  `modeloactivador` varchar(30) COLLATE latin1_spanish_ci NOT NULL,
  `zona` varchar(30) CHARACTER SET latin1 NOT NULL
) ENGINE=InnoDB DEFAULT CHARSET=latin1 COLLATE=latin1_spanish_ci;

--
-- Dumping data for table `Activacion`
--

INSERT INTO `Activacion` (`fechahora`, `fecharegla`, `idactivador`, `tipoactivador`, `marcaactivador`, `modeloactivador`, `zona`) VALUES
('2018-05-14 23:22:00', '2018-05-14 23:20:07', 'DST_RL_1', 3, 'Omron', 'G3MB-202P', 'Zona_1'),
('2018-06-18 00:00:00', '2018-05-14 23:20:07', 'DST_RL_1', 3, 'Omron', 'G3MB-202P', 'Zona_1');

-- --------------------------------------------------------

--
-- Table structure for table `Activador`
--

CREATE TABLE `Activador` (
  `id` varchar(30) COLLATE latin1_spanish_ci NOT NULL,
  `tipo` bigint(20) NOT NULL,
  `marca` varchar(30) COLLATE latin1_spanish_ci NOT NULL DEFAULT '',
  `modelo` varchar(30) COLLATE latin1_spanish_ci NOT NULL DEFAULT '',
  `tipo_comunicacion` int(11) DEFAULT NULL COMMENT 'Tipo de comunicacion: analógica o digital',
  `canal` int(11) DEFAULT NULL COMMENT 'Canal al que está conectado el activador a la estación (Arduino)',
  `estado` int(11) NOT NULL DEFAULT '1' COMMENT 'Estado del activador: activo o inactivo (0)',
  `potencia_soportada` varchar(45) COLLATE latin1_spanish_ci DEFAULT NULL COMMENT 'Potencia de trabajo en mW',
  `idzona` varchar(60) COLLATE latin1_spanish_ci DEFAULT NULL COMMENT 'Identificador de la zona donde está instalado el activador',
  `observacion` varchar(300) COLLATE latin1_spanish_ci DEFAULT NULL
) ENGINE=InnoDB DEFAULT CHARSET=latin1 COLLATE=latin1_spanish_ci ROW_FORMAT=COMPACT;

--
-- Dumping data for table `Activador`
--

INSERT INTO `Activador` (`id`, `tipo`, `marca`, `modelo`, `tipo_comunicacion`, `canal`, `estado`, `potencia_soportada`, `idzona`, `observacion`) VALUES
('DST_RL_1', 3, 'Omron', 'G3MB-202P', 1, 7, 0, NULL, 'Zona_1', 'Relé 1 para el sensor 1'),
('DST_RL_2', 3, 'Omron', 'G3MB-202P', 1, 6, 0, NULL, 'ZONA_2', 'Relé 2 para el sensor 2'),
('DST_RL_3', 3, 'Omron', 'G3MB-202P', 1, 5, 0, NULL, 'Zona_3', 'Relé 3 para el sensor 3');

-- --------------------------------------------------------

--
-- Table structure for table `Actuador`
--

CREATE TABLE `Actuador` (
  `id` varchar(30) COLLATE latin1_spanish_ci NOT NULL,
  `nombre` varchar(60) COLLATE latin1_spanish_ci NOT NULL,
  `tipo` bigint(20) NOT NULL,
  `marca` varchar(30) COLLATE latin1_spanish_ci NOT NULL,
  `modelo` varchar(30) COLLATE latin1_spanish_ci NOT NULL,
  `zona` varchar(30) COLLATE latin1_spanish_ci NOT NULL
) ENGINE=InnoDB DEFAULT CHARSET=latin1 COLLATE=latin1_spanish_ci;

--
-- Dumping data for table `Actuador`
--

INSERT INTO `Actuador` (`id`, `nombre`, `tipo`, `marca`, `modelo`, `zona`) VALUES
('DST_EV_1', 'Electroválvula-01', 2, 'JARDIBRIC', 'EV1209', 'Zona_1'),
('DST_EV_2', 'Electroválvula-02', 2, 'JARDIBRIC', 'EV1209', 'Zona_2'),
('DST_EV_2', 'Electroválvula-02', 2, 'JARDIBRIC', 'EV1209', 'Zona_2'),
('DST_EV_3', 'Electroválvula-03', 2, 'JARDIBRIC', 'EV1209', 'Zona_3');

-- --------------------------------------------------------

--
-- Table structure for table `Calendario`
--

CREATE TABLE `Calendario` (
  `fecha_inicio` datetime NOT NULL,
  `fecha_fin` datetime NOT NULL,
  `estado` int(11) NOT NULL,
  `idActivador` varchar(30) CHARACTER SET latin1 COLLATE latin1_spanish_ci NOT NULL
) ENGINE=InnoDB DEFAULT CHARSET=latin1;

--
-- Dumping data for table `Calendario`
--

INSERT INTO `Calendario` (`fecha_inicio`, `fecha_fin`, `estado`, `idActivador`) VALUES
('2018-05-24 00:00:00', '2018-05-24 04:00:00', 1, 'DST_RL_2'),
('2018-05-24 00:00:00', '2018-05-24 04:00:00', 1, 'DST_RL_3'),
('2018-05-30 12:00:00', '2018-05-30 13:00:00', 1, 'DST_RL_1');

-- --------------------------------------------------------

--
-- Table structure for table `ConfiguracionSensor`
--

CREATE TABLE `ConfiguracionSensor` (
  `fechahora` datetime NOT NULL,
  `id` varchar(30) COLLATE latin1_spanish_ci NOT NULL,
  `tipo` bigint(20) NOT NULL,
  `marca` varchar(30) COLLATE latin1_spanish_ci NOT NULL,
  `modelo` varchar(30) COLLATE latin1_spanish_ci NOT NULL,
  `idestacion` varchar(30) COLLATE latin1_spanish_ci NOT NULL DEFAULT '' COMMENT 'Identificador de la estación al que se asocia la configuración',
  `altura` double NOT NULL COMMENT 'Altura a la que está instalado (metros)',
  `calibracion` varchar(50) COLLATE latin1_spanish_ci DEFAULT NULL COMMENT 'Datos de calibración del fabricante',
  `offset` float DEFAULT NULL COMMENT 'Datos de calibración del fabricante',
  `slope` float DEFAULT NULL COMMENT 'Datos de calibración del fabricante',
  `fechafinconfig` datetime DEFAULT NULL COMMENT 'Fecha en la que concluye una configuración (null es la configuración actual)'
) ENGINE=InnoDB DEFAULT CHARSET=latin1 COLLATE=latin1_spanish_ci ROW_FORMAT=COMPACT;

--
-- Dumping data for table `ConfiguracionSensor`
--

INSERT INTO `ConfiguracionSensor` (`fechahora`, `id`, `tipo`, `marca`, `modelo`, `idestacion`, `altura`, `calibracion`, `offset`, `slope`, `fechafinconfig`) VALUES
('2018-05-13 10:53:20', 'DST_HT_1', 1, 'OBSoil-01', 'YL-69', 'STC1', 56, NULL, NULL, NULL, NULL),
('2018-05-13 10:54:21', 'DST_HT_2', 1, 'OBSoil-01', 'YL-69', 'STC1', 56, NULL, NULL, NULL, NULL),
('2018-05-13 10:54:46', 'DST_HT_3', 1, 'OBSoil-01', 'YL-69', 'STC1', 56, NULL, NULL, NULL, '2018-05-19 17:34:43'),
('2018-05-19 17:34:43', 'DST_HT_3', 1, 'OBSoil-01', 'YL-69', 'STC1', 56, NULL, NULL, NULL, NULL);

-- --------------------------------------------------------

--
-- Table structure for table `Estacion`
--

CREATE TABLE `Estacion` (
  `id` varchar(30) COLLATE latin1_spanish_ci NOT NULL,
  `longitud` float NOT NULL,
  `latitud` float NOT NULL,
  `altura` float NOT NULL,
  `fecha` datetime DEFAULT NULL,
  `nombre_corto` varchar(50) COLLATE latin1_spanish_ci NOT NULL,
  `observacion` varchar(300) COLLATE latin1_spanish_ci DEFAULT NULL,
  `altitud` float NOT NULL,
  `idlogger` varchar(20) COLLATE latin1_spanish_ci NOT NULL COMMENT 'Identificador del microcontralador que toma las medidas de los sensores (arduino)'
) ENGINE=InnoDB DEFAULT CHARSET=latin1 COLLATE=latin1_spanish_ci ROW_FORMAT=COMPACT;

--
-- Dumping data for table `Estacion`
--

INSERT INTO `Estacion` (`id`, `longitud`, `latitud`, `altura`, `fecha`, `nombre_corto`, `observacion`, `altitud`, `idlogger`) VALUES
('STC1', -5.27532, 37.6912, 56, '2018-05-13 10:27:33', 'Estación pruebas 1', 'Estación de pruebas para el proyecto integrado Aquelos', 56, 'x');

-- --------------------------------------------------------

--
-- Table structure for table `MedidaSensor`
--

CREATE TABLE `MedidaSensor` (
  `fecha_medida` datetime NOT NULL,
  `nombre` varchar(20) COLLATE latin1_spanish_ci NOT NULL COMMENT 'Nombre corto de la medida',
  `fechaconfigsensor` datetime NOT NULL COMMENT 'Fecha de configuración del sensor asociada',
  `idsensor` varchar(30) COLLATE latin1_spanish_ci NOT NULL,
  `tiposensor` bigint(20) NOT NULL,
  `marcasensor` varchar(30) COLLATE latin1_spanish_ci NOT NULL,
  `modelosensor` varchar(30) COLLATE latin1_spanish_ci NOT NULL,
  `idestacion` varchar(20) COLLATE latin1_spanish_ci NOT NULL,
  `valor` decimal(9,3) DEFAULT NULL
) ENGINE=InnoDB DEFAULT CHARSET=latin1 COLLATE=latin1_spanish_ci ROW_FORMAT=COMPACT;

--
-- Dumping data for table `MedidaSensor`
--

INSERT INTO `MedidaSensor` (`fecha_medida`, `nombre`, `fechaconfigsensor`, `idsensor`, `tiposensor`, `marcasensor`, `modelosensor`, `idestacion`, `valor`) VALUES
('2018-05-12 18:17:48', 'SH1', '2018-05-13 10:53:20', 'DST_HT_1', 1, 'OBSoil-01', 'YL-69', 'STC1', '49.000'),
('2018-05-12 19:59:00', 'SH1', '2018-05-13 10:53:20', 'DST_HT_1', 1, 'OBSoil-01', 'YL-69', 'STC1', '65.000'),
('2018-06-10 00:00:00', 'SH1', '2018-05-13 10:53:20', 'DST_HT_1', 1, 'OBSoil-01', 'YL-69', 'STC1', '15.000'),
('2018-06-16 00:00:00', 'SH2', '2018-05-13 10:54:21', 'DST_HT_2', 1, 'OBSoil-01', 'YL-69', 'STC1', '15.000');

-- --------------------------------------------------------

--
-- Table structure for table `ModeloDispositivo`
--

CREATE TABLE `ModeloDispositivo` (
  `id_tipo` bigint(20) NOT NULL,
  `marca` varchar(30) COLLATE latin1_spanish_ci NOT NULL,
  `modelo` varchar(30) COLLATE latin1_spanish_ci NOT NULL,
  `observacion` varchar(300) COLLATE latin1_spanish_ci DEFAULT NULL
) ENGINE=InnoDB DEFAULT CHARSET=latin1 COLLATE=latin1_spanish_ci ROW_FORMAT=COMPACT;

--
-- Dumping data for table `ModeloDispositivo`
--

INSERT INTO `ModeloDispositivo` (`id_tipo`, `marca`, `modelo`, `observacion`) VALUES
(1, 'OBSoil-01', 'YL-69', 'Sensor de agua simple que se puede utilizar para detectar la humedad del suelo. '),
(2, 'JARDIBRIC', 'EV1209', 'Electroválvula de prueba'),
(3, 'Omron', 'G3MB-202P', 'Relé para activar las electroválvulas de riego');

-- --------------------------------------------------------

--
-- Table structure for table `ReglaActivacion`
--

CREATE TABLE `ReglaActivacion` (
  `fecha_creada` datetime NOT NULL,
  `idactivador` varchar(30) COLLATE latin1_spanish_ci NOT NULL,
  `tipoactivador` bigint(20) NOT NULL,
  `marcaactivador` varchar(30) COLLATE latin1_spanish_ci NOT NULL,
  `modeloactivador` varchar(30) COLLATE latin1_spanish_ci NOT NULL,
  `periodicidad_incidencia` smallint(6) NOT NULL COMMENT 'Tiempo durante el que se produce la incidencia (10 minutales)',
  `secuencial` bit(1) NOT NULL COMMENT 'Indica si es secuencial o no (0)',
  `estado` int(11) NOT NULL DEFAULT '1' COMMENT 'Estado de la regla de activación (1 Activa)',
  `valor_activacion` decimal(9,3) NOT NULL,
  `duracion` float NOT NULL COMMENT 'Tiempo que la regla activa al activador',
  `nombremedida` varchar(20) COLLATE latin1_spanish_ci NOT NULL COMMENT 'Nombre la medida del sensor con que esta asociada la regla',
  `fechaconfigsensor` datetime NOT NULL,
  `idsensor` varchar(60) COLLATE latin1_spanish_ci NOT NULL,
  `tiposensor` bigint(20) NOT NULL,
  `marcasensor` varchar(30) COLLATE latin1_spanish_ci NOT NULL,
  `modelosensor` varchar(30) COLLATE latin1_spanish_ci NOT NULL,
  `idestacion` varchar(20) COLLATE latin1_spanish_ci NOT NULL,
  `observacion` varchar(500) COLLATE latin1_spanish_ci DEFAULT NULL
) ENGINE=InnoDB DEFAULT CHARSET=latin1 COLLATE=latin1_spanish_ci ROW_FORMAT=COMPACT;

--
-- Dumping data for table `ReglaActivacion`
--

INSERT INTO `ReglaActivacion` (`fecha_creada`, `idactivador`, `tipoactivador`, `marcaactivador`, `modeloactivador`, `periodicidad_incidencia`, `secuencial`, `estado`, `valor_activacion`, `duracion`, `nombremedida`, `fechaconfigsensor`, `idsensor`, `tiposensor`, `marcasensor`, `modelosensor`, `idestacion`, `observacion`) VALUES
('2018-05-14 23:20:07', 'DST_RL_1', 3, 'Omron', 'G3MB-202P', 0, b'0', 1, '0.000', 10, 'SH1', '2018-05-13 10:53:20', 'DST_HT_1', 1, 'OBSoil-01', 'YL-69', 'STC1', NULL),
('2018-06-23 00:00:00', 'DST_RL_3', 3, 'Omron', 'G3MB-202P', 1, b'1', 1, '0.000', 30, 'SH3', '2018-05-13 10:54:46', 'DST_HT_3', 1, 'OBSoil-01', 'YL-69', 'STC1', NULL);

-- --------------------------------------------------------

--
-- Table structure for table `Sensor`
--

CREATE TABLE `Sensor` (
  `id` varchar(30) COLLATE latin1_spanish_ci NOT NULL,
  `tipo` bigint(20) NOT NULL,
  `marca` varchar(30) COLLATE latin1_spanish_ci NOT NULL DEFAULT '',
  `modelo` varchar(30) COLLATE latin1_spanish_ci NOT NULL DEFAULT '',
  `idestacion` varchar(30) COLLATE latin1_spanish_ci NOT NULL,
  `observacion` varchar(300) COLLATE latin1_spanish_ci DEFAULT NULL,
  `tipo_comunicacion` int(11) DEFAULT NULL COMMENT 'Digital o analógica',
  `formato_integracion` int(11) DEFAULT NULL,
  `canal` varchar(2) COLLATE latin1_spanish_ci DEFAULT NULL COMMENT 'Canal al que está conectado en el datalogger (arduino)',
  `estado` int(11) NOT NULL DEFAULT '0' COMMENT 'Activo o inactivo',
  `potencia_soportada` varchar(45) COLLATE latin1_spanish_ci DEFAULT NULL COMMENT 'Potencia de trabajo según el fabricante',
  `idzona` varchar(60) COLLATE latin1_spanish_ci DEFAULT NULL COMMENT 'Sólo para aquelo, emecubo debe quitar este campo'
) ENGINE=InnoDB DEFAULT CHARSET=latin1 COLLATE=latin1_spanish_ci ROW_FORMAT=COMPACT;

--
-- Dumping data for table `Sensor`
--

INSERT INTO `Sensor` (`id`, `tipo`, `marca`, `modelo`, `idestacion`, `observacion`, `tipo_comunicacion`, `formato_integracion`, `canal`, `estado`, `potencia_soportada`, `idzona`) VALUES
('DST_HT_1', 1, 'OBSoil-01', 'YL-69', 'STC1', 'Dispositivo de tierra 1', 0, NULL, 'A0', 1, '3.3 - 5 V', 'Zona_1'),
('DST_HT_2', 1, 'OBSoil-01', 'YL-69', 'STC1', 'Dispositivo de tierra 2', 0, NULL, 'A1', 1, '3.3 - 5 V', 'Zona_2'),
('DST_HT_3', 1, 'OBSoil-01', 'YL-69', 'STC1', 'Dispositivo de tierra 3', 0, NULL, 'A2', 1, '3.3 - 5 V', 'Zona_3');

-- --------------------------------------------------------

--
-- Table structure for table `TipoDispositivo`
--

CREATE TABLE `TipoDispositivo` (
  `id_tipo` bigint(20) NOT NULL,
  `nombre` varchar(30) COLLATE latin1_spanish_ci DEFAULT NULL,
  `observacion` varchar(300) COLLATE latin1_spanish_ci DEFAULT NULL
) ENGINE=InnoDB DEFAULT CHARSET=latin1 COLLATE=latin1_spanish_ci ROW_FORMAT=COMPACT;

--
-- Dumping data for table `TipoDispositivo`
--

INSERT INTO `TipoDispositivo` (`id_tipo`, `nombre`, `observacion`) VALUES
(1, 'Sensor', 'Dispositivo que capta magnitudes físicas (variaciones de luz, temperatura, sonido, etc.) u otras alteraciones de su entorno.'),
(2, 'Actuador', 'Un ACTUADOR es un dispositivo inherentemente mecánico cuya función es proporcionar fuerza para mover o “actuar” otro dispositivo mecánico'),
(3, 'Relé', 'Dispositivo electromagnético que, estimulado por una corriente eléctrica muy débil, abre o cierra un circuito en el cual se disipa una potencia mayor que en el circuito estimulador.');

-- --------------------------------------------------------

--
-- Table structure for table `TipoMedidaSensor`
--

CREATE TABLE `TipoMedidaSensor` (
  `nombre` varchar(20) COLLATE latin1_spanish_ci NOT NULL COMMENT 'Nombre corto de la medida (Ejemplo: sa1)',
  `fechaconfigsensor` datetime NOT NULL,
  `idsensor` varchar(30) COLLATE latin1_spanish_ci NOT NULL,
  `idtiposensor` bigint(20) NOT NULL,
  `marcasensor` varchar(30) COLLATE latin1_spanish_ci NOT NULL,
  `modelosensor` varchar(30) COLLATE latin1_spanish_ci NOT NULL,
  `idestacion` varchar(20) COLLATE latin1_spanish_ci NOT NULL,
  `nombre_descriptivo` varchar(100) COLLATE latin1_spanish_ci DEFAULT NULL COMMENT 'Nombre largo de la medida (Ejemplo: velocidad media)',
  `dimension` varchar(50) COLLATE latin1_spanish_ci DEFAULT NULL COMMENT 'Unidad de medida',
  `valor_max` decimal(9,3) DEFAULT NULL COMMENT 'Valor máximo indicado por el fabricante',
  `valor_min` decimal(9,3) DEFAULT NULL COMMENT 'Valor mínimo indicado por el fabricante',
  `valores_error` varchar(255) COLLATE latin1_spanish_ci DEFAULT NULL COMMENT 'Lista de errores tipificados separados con '','' ',
  `observacion` varchar(300) COLLATE latin1_spanish_ci DEFAULT NULL
) ENGINE=InnoDB DEFAULT CHARSET=latin1 COLLATE=latin1_spanish_ci;

--
-- Dumping data for table `TipoMedidaSensor`
--

INSERT INTO `TipoMedidaSensor` (`nombre`, `fechaconfigsensor`, `idsensor`, `idtiposensor`, `marcasensor`, `modelosensor`, `idestacion`, `nombre_descriptivo`, `dimension`, `valor_max`, `valor_min`, `valores_error`, `observacion`) VALUES
('SH1', '2018-05-13 10:53:20', 'DST_HT_1', 1, 'OBSoil-01', 'YL-69', 'STC1', NULL, '19x30 mm', '950.000', '0.000', 'Valores superiores o inferiores a los establecidos', NULL),
('SH2', '2018-05-13 10:54:21', 'DST_HT_2', 1, 'OBSoil-01', 'YL-69', 'STC1', NULL, NULL, NULL, NULL, NULL, NULL),
('SH3', '2018-05-13 10:54:46', 'DST_HT_3', 1, 'OBSoil-01', 'YL-69', 'STC1', NULL, '19x30 mm', '950.000', '0.000', 'Valores superiores o inferiores a los establecidos', NULL);

--
-- Indexes for dumped tables
--

--
-- Indexes for table `Activacion`
--
ALTER TABLE `Activacion`
  ADD PRIMARY KEY (`fechahora`,`fecharegla`,`idactivador`,`tipoactivador`,`marcaactivador`,`modeloactivador`),
  ADD KEY `fecharegla` (`fecharegla`,`idactivador`,`tipoactivador`,`marcaactivador`,`modeloactivador`),
  ADD KEY `idactivador` (`idactivador`),
  ADD KEY `tipoactivador` (`tipoactivador`);

--
-- Indexes for table `Activador`
--
ALTER TABLE `Activador`
  ADD PRIMARY KEY (`id`,`tipo`,`marca`,`modelo`),
  ADD KEY `id_zona` (`idzona`),
  ADD KEY `id_zona_2` (`idzona`),
  ADD KEY `tipo` (`tipo`,`marca`,`modelo`);

--
-- Indexes for table `Actuador`
--
ALTER TABLE `Actuador`
  ADD KEY `tipo` (`tipo`,`marca`,`modelo`),
  ADD KEY `tipo_2` (`tipo`,`marca`,`modelo`);

--
-- Indexes for table `Calendario`
--
ALTER TABLE `Calendario`
  ADD PRIMARY KEY (`fecha_inicio`,`fecha_fin`,`idActivador`),
  ADD KEY `idActivador` (`idActivador`);

--
-- Indexes for table `ConfiguracionSensor`
--
ALTER TABLE `ConfiguracionSensor`
  ADD PRIMARY KEY (`fechahora`,`id`,`tipo`,`marca`,`modelo`,`idestacion`),
  ADD KEY `id_2` (`id`,`tipo`,`marca`,`modelo`);

--
-- Indexes for table `Estacion`
--
ALTER TABLE `Estacion`
  ADD PRIMARY KEY (`id`);

--
-- Indexes for table `MedidaSensor`
--
ALTER TABLE `MedidaSensor`
  ADD PRIMARY KEY (`fecha_medida`,`fechaconfigsensor`,`nombre`,`idsensor`,`tiposensor`,`marcasensor`,`modelosensor`,`idestacion`),
  ADD KEY `fk_medidasensor_tipomedidasensor` (`nombre`,`fechaconfigsensor`,`idsensor`,`tiposensor`,`marcasensor`,`modelosensor`,`idestacion`);

--
-- Indexes for table `ModeloDispositivo`
--
ALTER TABLE `ModeloDispositivo`
  ADD PRIMARY KEY (`id_tipo`,`marca`,`modelo`);

--
-- Indexes for table `ReglaActivacion`
--
ALTER TABLE `ReglaActivacion`
  ADD PRIMARY KEY (`fecha_creada`,`idactivador`,`tipoactivador`,`modeloactivador`,`marcaactivador`),
  ADD KEY `id_activador` (`idactivador`,`tipoactivador`,`marcasensor`,`modeloactivador`),
  ADD KEY `fecha_creada` (`fecha_creada`,`idactivador`,`tipoactivador`,`marcaactivador`,`modeloactivador`),
  ADD KEY `idactivador` (`idactivador`,`tipoactivador`,`marcaactivador`,`modeloactivador`),
  ADD KEY `nombremedida_2` (`nombremedida`,`fechaconfigsensor`,`idsensor`,`tiposensor`,`marcasensor`,`modelosensor`,`idestacion`);

--
-- Indexes for table `Sensor`
--
ALTER TABLE `Sensor`
  ADD PRIMARY KEY (`id`,`tipo`,`modelo`,`marca`,`idestacion`),
  ADD KEY `id` (`id`,`tipo`,`marca`,`modelo`),
  ADD KEY `id_2` (`id`,`tipo`,`marca`,`modelo`),
  ADD KEY `tipo` (`tipo`,`marca`,`modelo`),
  ADD KEY `idestacion` (`idestacion`),
  ADD KEY `id_3` (`id`,`tipo`,`marca`,`modelo`,`idestacion`);

--
-- Indexes for table `TipoDispositivo`
--
ALTER TABLE `TipoDispositivo`
  ADD PRIMARY KEY (`id_tipo`);

--
-- Indexes for table `TipoMedidaSensor`
--
ALTER TABLE `TipoMedidaSensor`
  ADD PRIMARY KEY (`nombre`,`fechaconfigsensor`,`idsensor`,`idtiposensor`,`marcasensor`,`modelosensor`,`idestacion`),
  ADD KEY `fechaconfigsensor` (`fechaconfigsensor`,`idsensor`,`idtiposensor`,`marcasensor`,`modelosensor`,`idestacion`),
  ADD KEY `fechaconfigsensor_2` (`fechaconfigsensor`,`idsensor`,`idtiposensor`,`marcasensor`,`modelosensor`,`idestacion`);

--
-- Constraints for dumped tables
--

--
-- Constraints for table `Activacion`
--
ALTER TABLE `Activacion`
  ADD CONSTRAINT `fk_regla_activacion` FOREIGN KEY (`fecharegla`,`idactivador`,`tipoactivador`,`marcaactivador`,`modeloactivador`) REFERENCES `ReglaActivacion` (`fecha_creada`, `idactivador`, `tipoactivador`, `marcaactivador`, `modeloactivador`) ON DELETE CASCADE ON UPDATE CASCADE;

--
-- Constraints for table `Activador`
--
ALTER TABLE `Activador`
  ADD CONSTRAINT `fk_Activador_ModeloDispositivo1` FOREIGN KEY (`tipo`,`marca`,`modelo`) REFERENCES `ModeloDispositivo` (`id_tipo`, `marca`, `modelo`) ON UPDATE CASCADE;

--
-- Constraints for table `Actuador`
--
ALTER TABLE `Actuador`
  ADD CONSTRAINT `fk_Actuador_ModeloDispositivo1` FOREIGN KEY (`tipo`,`marca`,`modelo`) REFERENCES `ModeloDispositivo` (`id_tipo`, `marca`, `modelo`) ON UPDATE CASCADE;

--
-- Constraints for table `Calendario`
--
ALTER TABLE `Calendario`
  ADD CONSTRAINT `Calendario_ibfk_4` FOREIGN KEY (`idActivador`) REFERENCES `Activador` (`id`) ON DELETE CASCADE ON UPDATE CASCADE;

--
-- Constraints for table `ConfiguracionSensor`
--
ALTER TABLE `ConfiguracionSensor`
  ADD CONSTRAINT `fk_ConfiguracionesSensor_Sensor_1` FOREIGN KEY (`id`,`tipo`,`marca`,`modelo`) REFERENCES `Sensor` (`id`, `tipo`, `marca`, `modelo`) ON DELETE CASCADE ON UPDATE CASCADE;

--
-- Constraints for table `MedidaSensor`
--
ALTER TABLE `MedidaSensor`
  ADD CONSTRAINT `fk_medidasensor_tipomedidasensor` FOREIGN KEY (`nombre`,`fechaconfigsensor`,`idsensor`,`tiposensor`,`marcasensor`,`modelosensor`,`idestacion`) REFERENCES `TipoMedidaSensor` (`nombre`, `fechaconfigsensor`, `idsensor`, `idtiposensor`, `marcasensor`, `modelosensor`, `idestacion`) ON DELETE CASCADE ON UPDATE CASCADE;

--
-- Constraints for table `ModeloDispositivo`
--
ALTER TABLE `ModeloDispositivo`
  ADD CONSTRAINT `fk_ModelosSensor_TiposSensores_1` FOREIGN KEY (`id_tipo`) REFERENCES `TipoDispositivo` (`id_tipo`);

--
-- Constraints for table `ReglaActivacion`
--
ALTER TABLE `ReglaActivacion`
  ADD CONSTRAINT `fk_ReglaActivacion_TipoMedida1` FOREIGN KEY (`nombremedida`,`fechaconfigsensor`,`idsensor`,`tiposensor`,`marcasensor`,`modelosensor`,`idestacion`) REFERENCES `TipoMedidaSensor` (`nombre`, `fechaconfigsensor`, `idsensor`, `idtiposensor`, `marcasensor`, `modelosensor`, `idestacion`) ON DELETE CASCADE ON UPDATE CASCADE,
  ADD CONSTRAINT `fk_regla_activador` FOREIGN KEY (`idactivador`,`tipoactivador`,`marcaactivador`,`modeloactivador`) REFERENCES `Activador` (`id`, `tipo`, `marca`, `modelo`) ON DELETE CASCADE ON UPDATE CASCADE;

--
-- Constraints for table `Sensor`
--
ALTER TABLE `Sensor`
  ADD CONSTRAINT `fk_Sensor_Estacion1` FOREIGN KEY (`idestacion`) REFERENCES `Estacion` (`id`) ON DELETE CASCADE ON UPDATE CASCADE,
  ADD CONSTRAINT `fk_Sensor_ModelosDispositivo_1` FOREIGN KEY (`tipo`,`marca`,`modelo`) REFERENCES `ModeloDispositivo` (`id_tipo`, `marca`, `modelo`) ON UPDATE CASCADE;

--
-- Constraints for table `TipoMedidaSensor`
--
ALTER TABLE `TipoMedidaSensor`
  ADD CONSTRAINT `fk_TipoMedida_ConfiguracionSensor1` FOREIGN KEY (`fechaconfigsensor`,`idsensor`,`idtiposensor`,`marcasensor`,`modelosensor`,`idestacion`) REFERENCES `ConfiguracionSensor` (`fechahora`, `id`, `tipo`, `marca`, `modelo`, `idestacion`) ON DELETE CASCADE ON UPDATE CASCADE;
COMMIT;

